{
  "version": 1,
  "author": "Anonymous maker",
  "editor": "wokwi",
  "parts": [
    { "type": "board-esp32-devkit-c-v4", "id": "esp", "top": -38.4, "left": 24.04, "attrs": {} },
    { "type": "wokwi-led", "id": "led1", "top": 25.2, "left": 234.2, "attrs": { "color": "red" } },
    {
      "type": "wokwi-resistor",
      "id": "r1",
      "top": 81.05,
      "left": 152.2,
      "rotate": 180,
      "attrs": { "value": "220" }
    },
    {
      "type": "wokwi-buzzer",
      "id": "bz1",
      "top": -103.2,
      "left": -55.8,
      "attrs": { "volume": "0.1" }
    },
    { "type": "board-ds18b20", "id": "temp1", "top": 37.27, "left": -130.32, "attrs": {} },
    {
      "type": "wokwi-resistor",
      "id": "r2",
      "top": 176.75,
      "left": -67.2,
      "attrs": { "value": "4700" }
    },
    {
      "type": "wokwi-slide-potentiometer",
      "id": "pot1",
      "top": 206.6,
      "left": 219.8,
      "attrs": { "travelLength": "30" }
    },
    {
      "type": "wokwi-lcd1602",
      "id": "lcd1",
      "top": -185.6,
      "left": 264.8,
      "attrs": { "pins": "i2c" }
    }
  ],
  "connections": [
    [ "esp:TX", "$serialMonitor:RX", "", [] ],
    [ "esp:RX", "$serialMonitor:TX", "", [] ],
    [ "esp:2", "led1:A", "green", [ "h0" ] ],
    [ "led1:C", "r1:1", "green", [ "v0" ] ],
    [ "r1:2", "esp:GND.3", "green", [ "v0" ] ],
    [ "bz1:2", "esp:21", "green", [ "v0" ] ],
    [ "temp1:VCC", "esp:5V", "red", [ "v0" ] ],
    [ "temp1:DQ", "esp:15", "green", [ "v0" ] ],
    [ "temp1:GND", "esp:GND.1", "black", [ "v0" ] ],
    [ "bz1:1", "esp:GND.2", "green", [ "v0" ] ],
    [ "temp1:GND", "r2:1", "black", [ "v0" ] ],
    [ "r2:2", "esp:5V", "green", [ "v0" ] ],
    [ "pot1:VCC", "esp:5V", "red", [ "h0" ] ],
    [ "pot1:SIG", "esp:34", "green", [ "h0" ] ],
    [ "pot1:GND", "esp:GND.2", "black", [ "v0" ] ],
    [ "lcd1:VCC", "esp:5V", "red", [ "h0" ] ],
    [ "lcd1:GND", "esp:GND.2", "black", [ "h0" ] ],
    [ "lcd1:SDA", "esp:21", "green", [ "h0" ] ],
    [ "lcd1:SCL", "esp:22", "green", [ "h0" ] ]
  ],
  "dependencies": {}
}